﻿{
  "bindings": [
    {
      "name": "req",
      "authLevel": "function",
      "type": "httpTrigger",
      "direction": "in",
      "methods": [
        "get",
        "post"
      ],
      "route": "counter/list"
    },
    {
      "name": "$return",
      "type": "http",
      "direction": "out"
    },
    {
      "name": "doc",
      "type": "cosmosDB",
      "databaseName": "azure-resume",
      "collectionName": "counter",
      "connectionStringSetting": "AccountEndpoint=https://cosmos-counter.documents.azure.com:443/;AccountKey=pYBe78651tvHfewPjfaOMssVGcA8800Hux3Xr1epxE7AuJfqddgiJG9KiHmCBxZpqBhYY6qsXIvUACDbJJ9f6Q==;",
      "direction": "in",
      "sqlQuery": "SELECT * from c"
    },
    {
      "name": "out",
      "type": "cosmosDB",
      "databaseName": "azure-resume",
      "collectionName": "counter",
      "connectionStringSetting": "AccountEndpoint=https://cosmos-counter.documents.azure.com:443/;AccountKey=pYBe78651tvHfewPjfaOMssVGcA8800Hux3Xr1epxE7AuJfqddgiJG9KiHmCBxZpqBhYY6qsXIvUACDbJJ9f6Q==;",
      "direction": "out"
    }
  ]
}